B120BP,B120,Q120,TA2J6500,Q115,Q2100H,Q3015
0,3,706,0,36,0,0
0,0,0,0,0,0,0
3818,305,9516,11,5532,7,0
3065,1373,10835,96,3752,275,0
3806,260,8285,62,6861,433,36
2357,1085,16484,14,5857,0,432
0,0,0,0,0,0,0
2794,764,8690,180,2948,378,0
3782,1876,20194,109,7780,124,4
0,8,0,0,0,0,0
3823,490,16259,33,27118,122,0
893,1417,12239,17,2776,0,0
1287,10558,11220,21,3912,0,96
1728,2316,10707,4,3470,5,252
1506,851,7200,4,3508,0,0
0,0,237,0,0,0,0
0,0,0,24,0,0,0
2204,2165,5607,35,1810,0,240
2514,10333,6436,0,4703,6,0
2437,434,10171,12,4959,31,196
1953,1923,7316,18,5283,150,60
2675,406,5505,40,3842,90,1080
0,0,0,0,0,0,0
0,0,0,1,0,0,0
1766,870,8543,31,2984,36,0
2989,2956,13862,10,7509,91,12
2528,465,13392,9,4018,70,12
2210,891,15022,87,10769,820,60
2433,360,9782,4,4111,1,480
0,0,0,6,0,0,0
2876,460,9771,0,3306,1,144
2037,2217,10561,20,5041,18,0
3445,1908,11154,6,5693,62,0
0,0,0,4,0,0,0
2820,1140,12624,353,3219,159,0
3899,1641,9621,69,7522,255,1440
0,0,45,0,0,0,0
3045,769,11471,10,5078,78,216
3070,333,15124,27,8168,2,0
4499,1704,7443,9,3493,0,0
5713,621,17576,65,4507,0,192
3182,627,6981,19,3452,23,960
0,0,288,0,0,0,0
0,0,0,0,0,0,0
2521,846,13722,18,4959,127,0
2137,895,5631,589,2138,0,0
2183,868,7771,38,3319,0,28
2513,1502,17652,15,18948,21,600
4734,181,8914,12,2676,1,36
0,36,0,0,0,0,0
0,92,384,0,312,0,0
2310,839,7691,87,6044,19,12
2550,2475,8541,22,1527,4,0
2265,489,10988,65,5100,30,816
2415,416,11876,41,13867,1068,3120
2193,402,12665,241,9842,678,0
0,0,0,0,0,0,0
2672,453,9015,116,2177,216,0
1337,446,17736,18,1918,9,0
21,8316,8631,18,3920,8,0
0,0,144,0,0,0,0
1986,727,12073,16,4162,56,480
0,0,576,6,816,0,0
2563,1108,11518,2,2114,137,1
2522,4809,13944,9,8433,25,0
0,0,0,8,0,0,0
3755,540,8419,29,2248,6,0
4985,3737,9102,30,2456,589,0
2539,276,9474,217,2878,1,771
0,0,0,0,0,0,0
0,4,0,0,0,0,0
2521,1609,7512,23,2247,29,1
1847,497,7395,26,3202,105,0
2982,539,9911,47,2933,54,0
1946,362,7726,46,2329,101,864
3597,892,7758,30,4714,114,160
0,0,0,0,0,0,0
0,5,288,0,288,0,0
3243,332,11220,41,3248,12,144
2441,2252,8835,13,2723,56,0
2684,480,15151,292,5538,174,432
3176,1361,11080,46,4920,32,1680
3708,540,11545,23,4241,32,0
0,0,0,0,0,0,0
0,6,0,0,0,0,0
4211,343,7836,12,6036,1,0
3214,1731,8431,13,2964,1294,0
2924,887,10387,14,3138,3,144
3308,1603,11476,78,5665,48,0
0,0,0,6,0,0,0
2316,1573,11744,300,4508,132,0
2437,5609,13935,28,5532,4,1632
0,0,0,0,0,0,0
3811,344,11257,71,3138,4,0
3237,432,10907,322,3673,55,1392
0,5,0,0,0,0,0
3708,335,14265,32,6640,228,8
5154,210,12512,29,9616,180,0
3530,2097,12100,37,5834,100,6
4192,436,7474,24,10545,46,0
3474,395,9618,79,5598,106,192
2752,819,12525,19,7429,2,768
963,236,10707,145,2892,89,0
0,24,36,0,0,0,0
0,2,52,0,83,0,0
4208,431,5282,4,1803,9,0
3235,234,6939,63,1876,32,0
2532,520,13302,9,4392,6,0
2031,3016,9713,77,7030,0,1872
3283,5815,12767,54,16777,55,4
0,0,0,6,0,0,0
0,30,0,0,480,0,0
2807,1417,14998,12,5395,566,0
1353,334,9787,12,3861,923,0
2997,446,17061,21,7590,5,528
2997,338,9791,35,4486,74,912
0,132,1218,0,1332,0,0
1425,2515,8938,24,5951,99,648
2285,1771,13424,98,5046,48,528
0,4,41,0,0,0,0
2258,1427,20667,33,38742,246,0
3589,458,10103,73,6757,28,144
0,0,117,0,39,0,0
3697,784,12844,22,5374,65,144
0,0,0,6,0,0,0
5050,435,5594,0,2520,71,0
3864,540,19234,37,5817,51,1728
0,0,0,6,0,0,0
3558,809,9130,102,3362,271,0
2775,1946,13792,6,6643,24,1248
3194,697,10860,87,3094,25,0
0,0,0,0,0,0,0
0,362,0,0,0,0,0
3763,653,8173,76,2044,81,0
3311,2391,11312,12,2403,92,0
2213,1044,10321,10,3976,1,336
3392,647,12885,137,5061,114,864
3233,784,9886,16,4576,85,0
0,36,0,0,0,0,0
0,0,48,0,91,0,0
0,0,120,0,120,0,0
3826,460,15549,21,6583,0,0
2393,523,8424,17,3838,454,51
3304,1997,9010,9,6068,843,0
4158,1381,12777,34,5568,1,24
0,0,0,0,0,0,0
0,0,0,0,0,0,0
0,530,3112,5,1218,0,0
2800,2776,20364,412,17053,0,48
2294,1780,14515,49,4123,7,0
3310,700,11115,300,3387,7,12
1602,333,18297,8,8770,76,192
0,0,0,0,0,0,0
3833,488,11739,18,4882,6,0
3568,1447,12373,38,7521,163,1440
0,20,0,0,0,0,0
3496,304,6288,38,2687,8,1
3637,406,14878,7,4888,151,48
0,0,80,0,0,0,0
0,0,0,0,0,0,0
0,20,66,0,0,0,0
2465,515,5960,12,4728,17,0
3093,670,4331,32,2746,208,0
3273,1095,13776,15,5194,182,337
3040,2964,12503,39,4929,192,1632
2047,1092,12964,3,5966,36,12
0,60,432,0,288,0,0
0,0,12,0,0,0,0
3125,541,8877,57,1576,65,0
3399,2533,13783,8,3430,299,24
2890,671,13045,42,3840,163,144
3030,1708,7471,26,7350,6,384
3362,6749,6921,57,4386,59,0
0,0,0,0,0,0,0
0,0,47,0,7,0,0
2835,1030,10158,507,3120,35,0
3558,668,7651,11,3298,828,12
0,718,9085,2,3266,118,0
0,0,0,0,0,0,0
0,0,96,0,0,0,0
2780,628,3991,54,1191,76,0
3374,5259,16595,83,5333,0,864
0,0,0,0,0,0,0
3664,391,11301,20,4195,0,0
3470,561,9283,79,2671,182,1
0,0,0,0,0,0,0
3219,564,14637,6,6778,3,388
0,0,0,0,10,0,0
2408,3047,12547,12,2486,59,0
3869,2777,14202,59,3580,306,0
3502,585,10356,62,2216,206,25
2474,936,13284,132,5586,148,144
2907,1633,11676,57,4666,87,576
1960,567,11440,33,3999,209,0
0,0,0,0,0,0,0
0,0,0,0,7,0,0
3351,779,10475,7,6510,52,0
3195,382,8802,65,5248,442,0
4424,478,10176,16,4572,25,192
3787,844,7679,337,5336,309,960
2784,733,11105,7,4206,18,0
0,0,0,6,0,0,0
0,0,144,0,20,0,0
3375,1197,11796,6,4896,3,0
5133,3071,11968,20,3881,135,0
29,1025,16110,14,6186,57,196
0,8971,11497,51,4913,879,0
0,1616,11043,287,4611,8,24
27,613,11599,260,3736,0,0
0,7,40,0,0,0,0
0,0,144,0,0,0,0
3223,491,15103,0,5538,122,288
2274,365,12495,57,5428,53,144
2325,1657,7750,3,3774,54,0
4154,609,14728,2,8733,0,0
0,0,0,0,0,0,0
2791,584,10740,81,2739,159,0
2812,1684,6791,31,2975,6,0
0,0,90,0,0,0,0
3079,207,6527,69,1867,146,0
4407,1775,14507,116,5047,2,0
2683,762,13918,78,4365,123,192
0,0,0,18,0,0,0
0,5,190,0,0,0,0
3328,651,6416,3,2862,125,0
2585,3341,13149,34,6654,43,0
2804,741,9222,6,4142,110,192
2723,734,15081,35,9485,12,1200
3531,235,17824,13,5291,90,5
0,0,0,16,0,0,0
0,0,94,0,0,0,0
3271,639,9234,26,4417,70,0
2995,2098,5525,29,1287,50,0
3056,1477,9830,23,6495,3,4
3851,2520,11582,95,8583,951,0
3214,1777,10819,15,5383,0,0
0,0,0,12,0,0,0
0,30,0,0,0,0,0
3799,319,8128,13,3910,10,0
0,494,8548,9,4066,9,0
2436,637,6116,60,1552,0,0
2565,1786,11582,27,3270,13,0
3323,1794,16012,14,5611,331,1392
0,0,0,0,0,0,0
3239,595,13393,37,9832,85,12
2781,1612,9550,71,2818,322,240
0,9,45,0,30,0,0
4077,808,11116,33,1919,2,0
4405,196,8056,30,3008,20,144
3393,803,11893,9,4780,29,0
3300,604,17780,37,10220,38,144
0,0,0,0,0,0,0
3753,350,7562,30,3156,0,0
3397,517,8436,34,4902,5,0
3441,582,17711,39,6042,252,144
3003,575,14434,52,14271,22,2208
2987,1675,24655,73,13257,16,0
0,0,0,6,0,0,0
0,0,0,0,0,0,0
3535,650,23666,31,11544,98,96
4194,1238,13587,71,6193,248,2
3313,848,11775,12,4652,16,168
3093,2228,8113,50,3284,10,0
3029,2258,13310,8,2812,122,1248
0,30,360,0,24,0,0
0,0,0,0,0,0,0
3261,8476,12661,495,4399,79,0
2018,293,10657,36,4526,540,0
1940,2079,24919,38,9856,79,144
0,0,34,4,7,0,0
2335,409,8757,16,2221,15,0
2257,549,4825,23,1091,72,24
2664,1183,8114,17,2633,143,0
0,0,0,0,0,0,0
2046,1430,10316,10,5406,200,0
3685,1210,9864,33,4643,238,12
4138,597,10378,9,4597,63,0
3004,702,17044,26,6363,3,96
0,0,0,0,0,0,0
4100,301,7759,40,6120,83,0
3176,1061,14052,27,10099,18,864
4775,502,8578,37,2140,125,0
3579,484,7237,371,4362,176,144
4082,2045,17068,18,6497,0,2256
2952,661,12328,99,8280,223,0
0,0,0,6,0,0,0
0,0,0,0,0,0,0
3900,2489,13465,21,4696,132,1
3076,901,5119,12,3939,105,0
4659,729,15657,23,5039,319,384
3600,1062,8650,24,3996,105,820
3699,942,12162,117,5260,0,0
0,0,336,0,0,0,0
0,0,216,0,136,0,0
2741,798,6130,80,5790,3,0
3629,3031,10767,0,1871,738,0
3368,1256,12630,31,6495,230,148
3268,2072,9099,62,6222,429,336
3792,605,12110,30,3985,11,193
0,8000,0,6,0,0,240
0,0,77,0,11,0,0
2046,714,10651,136,3242,1,0
2134,467,11796,24,9902,0,624
0,0,0,0,0,0,0
4032,442,7638,62,2608,118,0
3930,512,11341,115,5501,75,482
0,0,0,16,0,0,0
3053,563,7029,49,4164,107,0
4068,254,11825,12,2246,9,48
0,0,0,0,0,0,0
3340,1082,12454,37,4821,5,340
3989,1578,12957,140,4546,156,24
4120,711,13307,39,3625,215,0
0,0,0,0,0,0,0
0,0,0,0,0,0,0
4011,795,10534,39,5746,131,0
3793,168,7024,49,2862,135,0
4712,424,17503,75,4200,83,168
2975,8436,9482,9,3711,431,0
5283,322,12704,47,4282,392,0
0,0,0,6,0,0,0
0,0,0,0,0,0,0
3488,1184,12027,45,3839,15,0
2694,759,8598,49,4328,103,0
3270,774,11723,216,8826,32,0
0,0,624,12,96,0,0
18,0,0,0,60,0,0
0,0,0,0,0,0,0
0,0,0,0,0,0,0
3223,1417,15105,15,5188,87,0
336,881,4755,0,4158,229,0
1516,2514,14056,62,5781,53,348
1280,1149,18735,1,7294,0,49
0,0,0,0,44,0,0
2589,708,4763,26,3064,17,1
3737,1491,18181,18,8889,15,0
0,0,0,0,0,0,0
3999,976,15699,29,7092,54,336
0,0,0,6,288,0,0
5347,841,9608,37,1682,79,1
3092,1437,13646,75,7303,206,1104
0,0,0,0,0,0,0
0,0,0,0,0,0,0
2510,442,15272,13,3797,74,0
3993,1040,8037,47,2014,63,0
2561,834,16878,39,8952,188,0
3343,615,8024,10,3517,0,0
5779,1107,11233,27,3784,26,0
0,0,0,10,0,0,0
0,0,36,0,0,0,0
4218,1106,20417,30,8077,117,0
7504,4715,10688,17,2850,762,2
3845,705,13442,123,4074,229,288
0,0,0,0,0,0,0
0,0,0,0,13,0,0
0,0,0,0,0,0,0
0,0,0,0,0,0,0
43,1059,18306,30,4798,123,1200
39,574,7247,30,2899,229,0
0,574,11923,87,5581,213,192
0,0,48,6,0,342,0
0,0,0,0,2880,0,0
4588,747,10006,18,2586,31,10
2736,18510,15465,199,20491,223,0
455,3280,9528,51,5200,72,0
0,0,0,0,0,0,0
5632,535,12505,18,4484,696,0
3451,614,7769,57,3203,0,0
3045,1357,8240,112,4919,89,96
3287,3149,8741,109,3927,3,0
0,0,0,6,0,0,0
3509,672,8950,6,5418,574,25
3909,1726,16197,163,3814,12,0
3837,765,13028,18,3192,260,240
4476,1833,13906,39,5770,9,0
3800,994,8958,43,2622,180,60
0,0,0,0,36,0,0
0,10,0,0,21,0,0
3610,676,11444,13,5665,49,0
4514,419,7988,108,3419,13,0
1468,505,15372,43,3596,4,0
3805,945,11735,112,7801,804,1008
4261,5483,11115,19,3733,279,168
0,0,0,6,0,0,0
0,0,196,0,48,0,0
2801,3465,9371,165,453,113,0
2475,566,10848,56,5208,50,0
4925,596,44432,10,10060,49,144
291,1486,8132,70,4317,235,0
4909,415,13625,1,6297,23,60
0,0,0,6,0,0,0
0,0,0,6,0,0,0
0,0,0,0,0,0,0
3107,233,7789,23,2840,446,0
2421,1477,10024,34,4698,515,192
0,0,0,0,0,0,0
4162,7762,6709,18,3915,33,0
3650,822,15863,53,9465,263,0
0,0,0,2,0,0,0
3877,283,8917,6,3731,180,0
4509,985,14052,101,4757,325,10
0,0,0,0,0,0,0
4379,926,12845,61,5731,55,0
3293,780,13232,92,6252,466,0
0,0,0,0,0,0,0
0,10,288,0,84,0,0
4254,3017,16153,38,4185,0,72
2689,424,11602,12,1589,12,0
3068,727,43537,13,9836,455,144
2483,502,14598,24,3318,1074,1104
4827,727,11293,34,2554,79,0
0,0,0,0,0,0,0
0,0,0,0,0,0,0
3595,1264,5230,3,2179,0,0
3505,286,9592,27,2319,72,0
4203,506,12779,20,7542,201,312
3325,1869,11543,20,4888,477,1200
3254,967,7626,9,6424,385,0
0,0,0,9,0,0,0
0,0,0,0,0,0,0
5027,1936,5930,404,3035,170,0
0,0,0,0,0,0,0
2724,794,9641,11,4044,229,192
3005,1195,9318,38,5660,194,721
0,0,0,0,0,0,0
5422,1214,12023,30,3990,459,0
5029,577,7620,21,3726,331,192
0,0,0,0,0,0,0
4375,728,9639,6,3942,96,336
0,0,0,0,0,0,0
3283,2556,12005,221,0,29,0
4337,3438,11957,121,3109,37,0
0,0,0,0,0,0,0
0,0,63,0,0,0,0
3124,1208,14883,13,6308,110,1
2104,309,8471,37,4940,150,0
4578,1120,22286,52,5142,136,240
3201,2297,9026,115,6874,229,1296
647,1070,9900,63,6540,202,0
0,0,0,12,0,0,0
0,0,0,0,0,0,0
3886,377,16055,76,1982,54,0
2310,535,7660,45,2942,993,0
4800,949,17553,18,10062,161,0
3753,1630,16374,19,6431,256,24
36,660,16986,15,5245,550,0
0,0,0,4,0,0,0
0,0,0,3,0,0,0
2922,716,5644,226,2335,50,0
4410,482,9201,65,3658,312,0
4851,640,11824,45,6394,81,384
4837,796,25793,48,5824,171,1152
3050,3027,7778,9,4342,25,864
3397,1849,12945,43,2532,180,1539
4008,301,14746,51,6746,241,0
5752,1745,15307,7,5800,132,0
2354,1098,18682,132,5668,201,144
0,0,0,9,0,0,0
0,1,96,0,0,0,0
3356,1454,8069,90,4205,107,0
0,0,0,0,0,0,0
2850,1200,11176,40,0,684,0
4149,795,14527,30,9882,221,0
0,0,0,0,0,0,0
3414,1312,12193,12,4309,52,24
1640,1284,16504,15,6129,70,1248
3261,782,13363,16,5582,242,0
0,0,0,6,0,0,0
0,46,0,0,0,0,0
2883,1098,14449,3,3134,66,0
3244,487,6263,39,2681,93,0
3143,2996,9502,163,3560,35,432
3100,3182,9852,45,4452,1265,1346
1194,359,10202,42,4413,10,0
0,0,0,0,0,0,0
0,12,96,0,39,0,0
1980,583,14372,75,6101,262,0
2646,787,6737,286,4946,258,0
4100,569,16534,42,4502,89,336
3812,2862,15645,272,6350,346,0
3624,352,16353,22,5530,25,144
0,0,0,0,0,0,0
3078,1735,9760,63,3017,18,0
2685,420,9432,55,3926,99,0
0,0,0,0,0,0,0
5227,917,10893,142,3737,307,0
4266,1338,7680,35,5011,117,1393
0,0,0,0,0,0,0
2456,791,13828,80,2443,64,0
4097,979,12170,31,5137,115,360
0,0,0,0,0,0,0
3602,722,12567,37,0,27,144
0,0,180,0,2208,0,0
4799,1179,14448,33,5392,5,0
4264,491,13496,150,3316,18,0
0,0,0,0,0,0,0
0,0,0,0,0,0,0
4640,1590,13441,77,4283,287,0
4814,520,5978,28,8225,229,0
4157,680,16711,70,4820,517,240
3901,3855,8218,24,7044,438,1153
0,0,0,0,0,0,0
0,0,0,0,0,0,0
0,0,0,7,0,0,0
2492,0,1795,0,728,4,0
3956,634,9182,62,1244,882,0
3414,3749,23401,37,4936,0,0
5148,3574,31371,293,16345,0,2119
4532,727,17646,15,5580,73,0
0,15,69,0,0,0,0
0,0,0,0,0,0,0
0,0,1056,0,0,0,0
4129,1679,12170,46,5685,22,0
2079,803,21619,42,5533,279,0
0,0,0,0,0,0,0
0,0,66,0,0,0,0
5130,1427,16217,42,5617,26,240
3363,676,13545,36,4624,5,192
3871,908,7568,33,2087,225,0
4300,439,16227,10,11524,3,0
0,0,24,0,0,0,0
4089,861,11668,12,2428,144,0
2507,1398,9589,11,1258,30,0
0,0,0,0,0,0,0
3584,1151,18585,28,6831,26,0
3249,1719,16276,125,12393,61,0
4328,919,15892,44,3579,464,0
2642,1656,10254,44,4368,72,480
5495,1529,10194,14,3445,0,768
4057,3018,8939,84,1816,3,0
0,0,30,6,0,0,0
0,0,0,0,0,0,0
3059,343,9839,85,5692,691,480
3155,1575,10052,26,3876,902,120
3174,1491,14531,29,6637,45,148
3335,364,9032,4,4108,61,0
3142,491,9119,9,3743,52,192
0,0,0,0,0,0,0
0,0,0,0,0,0,0
4604,1823,12270,27,5720,287,0
3169,648,6603,126,4328,114,0
3125,759,13102,16,7269,63,0
3735,1420,10409,152,2451,25,1344
1330,1377,10491,32,5368,98,0
0,0,0,0,0,0,0
3067,396,8309,21,2284,114,0
3454,1521,10024,94,4333,111,1200
16,0,0,0,0,0,0
3283,803,8134,34,3005,372,36
3731,2046,19495,45,9507,45,1632
0,0,0,0,0,0,0
2730,583,22742,227,8178,59,0
2636,14530,16248,162,2777,35,252
4269,854,4749,6,2271,204,0
2343,1078,15514,18,4147,114,384
3647,811,9075,66,3976,87,240
3845,923,11061,31,3204,271,0
3793,944,7134,41,6629,47,0
0,0,0,0,0,0,0
0,0,49,0,0,0,0
3813,1433,15567,12,10526,24,0
3276,341,10544,56,2340,8,0
3544,1487,13404,105,4932,1,148
2865,1875,12670,74,4196,1008,960
3607,670,11687,26,3799,253,0
0,50,0,18,0,0,0
0,0,0,0,0,0,0
3761,718,9564,132,5005,52,0
3803,159,5866,53,1606,0,0
3403,542,11352,48,6116,156,8
1790,854,12813,312,6888,3,1152
0,384,7116,24,3440,74,0
0,0,0,0,0,0,0
0,0,0,0,0,0,0
4627,454,7320,18,1613,59,60
4310,3366,13035,20,4738,122,0
2830,468,15755,25,5302,404,0
3139,146,12703,34,5716,116,144
0,0,0,0,0,0,0
4266,611,16852,64,4870,10,192
2758,5475,12293,123,3319,19,48
2871,1534,8394,16,3233,267,0
3598,1685,12308,117,11527,44,1968
0,0,0,0,0,0,0
4378,264,9774,87,1942,351,48
3224,2628,13969,86,6645,2,1008
0,0,0,0,59,0,0
0,0,0,0,0,0,0
3452,316,10892,45,2901,8,0
5014,551,9593,193,2290,114,0
3719,483,9548,17,3493,2,384
2916,281,10808,41,6541,13,2
2622,853,10821,44,5879,212,192
0,0,0,0,0,0,0
0,0,0,0,0,0,0
3163,19633,6148,27,3680,413,0
2507,2198,11985,11,14993,580,0
2924,363,7316,82,3411,18,144
2911,491,15506,26,6986,204,1440
3249,362,11623,51,4038,20,0
0,0,0,0,0,0,0
0,0,0,0,0,0,0
3941,1927,7512,344,2490,46,0
2644,686,6740,48,3003,325,0
4796,695,16002,19,7672,166,156
0,0,0,0,58,0,0
4246,790,20649,68,8316,95,24
3542,1416,14220,31,5104,341,385
0,0,0,0,0,0,0
3998,1045,9946,37,2563,207,24
4223,1014,10591,29,3625,657,1536
0,90,0,6,0,0,0
4741,418,11073,45,3195,3,0
3529,398,10194,41,2139,0,0
0,0,0,0,0,0,0
2988,511,19869,52,5544,18,240
3861,265,7367,192,6110,123,0
2278,422,12732,33,1699,19,72
3094,8938,13066,13,5352,138,276
3483,1426,9692,37,4086,29,768
2308,483,11485,26,5004,23,216
0,0,0,0,0,0,0
0,42,0,0,0,0,0
2656,1014,8805,44,1801,191,0
4274,398,9290,63,1735,137,0
2467,508,17169,54,4399,285,240
2197,3069,13524,101,3436,1043,480
585,1098,14281,200,6,333,0
0,0,0,0,0,0,0
0,0,0,0,0,0,0
3530,3893,11176,280,2989,36,0
2953,284,9570,28,0,211,0
2830,584,15083,64,0,5,336
4560,2162,18353,95,0,252,1104
3485,3085,25220,34,192,315,12
0,0,0,0,0,0,0
2539,545,13181,19,5311,39,336
3653,2112,13047,75,4810,0,1728
0,190,70,0,0,0,0
4198,370,5230,24,3586,0,0
5219,272,9363,24,4880,196,14
0,60,0,0,0,0,0
2779,617,13493,23,4371,6,0
0,0,0,2,0,0,0
3153,227,10394,9,1418,175,0
3359,1483,10540,39,5158,24,2400
0,0,0,0,0,0,0
3980,3723,8770,220,21972,1,1200
3258,1113,7822,18,784,155,0
0,0,0,6,0,0,0
0,0,0,0,0,0,0
4433,1624,11654,12,6208,4,0
3247,1639,7818,199,4646,179,0
2464,869,21585,105,7903,143,384
977,3488,11110,80,7328,1120,0
2811,738,14140,3,4607,6,12
0,0,12,0,12,0,0
0,0,0,0,0,0,0
4467,669,6695,113,32415,19,0
3336,360,12126,63,4265,54,0
2998,505,7851,115,4933,2,0
3924,1652,18816,68,6549,64,1296
3353,374,13195,13,3654,125,240
0,0,0,0,0,0,0
0,24,252,0,0,0,0
3496,1263,13039,38,5240,15,5
3264,883,10824,0,5685,102,1
3225,3402,9392,9,5594,218,672
2639,5313,10777,32,3108,103,144
4059,456,10255,35,3736,12,2
3101,772,14292,63,5505,323,0
0,0,0,6,0,0,0
5202,1702,11566,104,3506,282,0
3868,1046,21812,69,10784,16,1440
0,0,0,0,0,0,0
5141,320,10922,3,17893,0,0
3944,1479,13789,42,3273,328,0
0,0,0,0,0,0,0
0,0,0,0,0,0,0
2881,606,11643,6,3638,144,0
3333,796,14435,15,5066,0,0
3187,1171,15929,30,4285,19,0
3903,3826,11681,184,8008,1009,1344
4159,336,9128,21,2945,109,0
0,0,120,0,0,0,0
0,0,0,0,0,0,0
5062,1967,11604,42,5246,226,0
3636,620,7660,54,3499,14,24
3761,683,12556,66,6732,388,240
0,6,0,12,48,0,0
0,0,0,0,0,0,0
0,0,0,0,3,0,0
0,0,0,0,0,0,0
2622,1540,14885,15,7585,19,432
3854,789,10598,71,7124,20,12
3636,3377,13727,84,4564,54,0
3823,375,12685,33,3870,0,60
4507,235,11286,24,3926,88,192
0,0,0,0,0,0,0
3861,703,11781,54,4316,404,0
5056,1523,11094,65,3071,9,24
0,0,0,0,0,0,0
4502,515,11387,516,2579,13,0
4252,502,10139,10,1835,161,0
3533,894,8985,12,5578,19,0
3809,946,14272,66,39062,176,96
0,0,0,0,0,0,0
5110,1481,9549,10,2993,114,1
3631,550,9966,108,4406,134,0
3150,415,12092,40,5163,11,240
4879,3933,11312,95,3530,327,0
3537,695,13988,45,4672,103,372
0,0,0,0,0,0,0
0,0,156,0,0,1,0
3356,708,11036,28,1634,23,0
4955,1623,16016,30,10196,0,0
3142,1552,12572,27,4644,184,192
4395,281,13378,61,5496,4,1488
3374,449,92,18,192,204,0
0,0,0,0,0,0,0
0,0,0,0,0,0,0
0,0,0,0,0,0,0
3,108,5969,9,3066,118,11
102,845,7932,38,3902,36,0
42,1597,9751,39,3572,2,0
0,1,1649,6,348,2,0
0,0,0,0,0,0,0
0,0,0,0,0,0,0
3659,1003,14473,117,6344,91,168
3190,915,31422,48,14912,211,628
0,0,96,0,48,0,0
3321,1436,14243,17,4716,116,0
3440,1352,13894,160,10925,661,0
0,0,0,0,0,0,0
4508,931,12021,21,2978,36,0
3358,1014,22051,40,13787,189,0
0,0,156,0,61,0,0
3737,1701,13763,37,4463,406,0
4596,369,16907,37,8218,23,24
3770,872,10138,61,2846,285,0
0,0,0,0,0,0,0
0,0,0,0,0,0,0
2676,861,7766,6,3739,2,0
4153,754,14505,12,2564,1452,0
3633,280,13118,14,5701,9,0
3224,766,8740,9,5629,167,2496
3681,1754,11781,75,5261,213,0
0,0,0,0,0,0,0
0,0,0,0,0,0,0
3281,292,10765,25,1909,0,0
3574,778,8236,9,2392,4,0
5621,1091,6403,10,3278,48,192
5165,328,12483,21,3707,220,0
3433,127,6440,44,4696,114,0
0,0,0,3,0,0,0
0,0,0,0,0,0,0
2955,2692,8845,9,2537,211,0
3641,382,12142,52,6078,82,0
0,0,0,0,0,0,0
5096,1602,9241,33,5910,27,1152
4189,3797,16695,146,7463,1131,835
0,0,0,0,0,0,0
3636,864,9347,32,2828,137,497
4102,349,13116,29,7509,13,1584
0,0,0,0,0,0,0
4168,1345,16348,120,10276,357,272
0,0,0,0,0,0,0
2703,1935,26420,35,11220,352,0
3361,2363,16263,96,12042,318,0
0,0,178,0,0,0,0
3514,2062,6177,28,6421,0,0
4097,2805,7428,21,2458,173,0
2325,758,13522,28,4460,322,192
2622,1590,14555,49,5617,11,1680
3365,530,6247,152,4131,24,0
0,0,0,0,0,0,0
0,0,0,0,0,0,0
3040,1006,7784,18,2267,102,0
4765,67,5262,97,1112,333,0
1770,17,1306,21,459,21,0
2704,414,9269,12,3512,2,0
4324,1120,19245,332,7229,93,192
0,0,0,0,0,0,0
0,0,113,0,0,0,0
3467,3906,10530,65,6584,255,1511
3203,435,12881,11,5272,192,169
4115,1759,12850,150,4007,0,48
4782,658,18775,63,5392,755,0
3734,394,10398,49,4254,6,465
3506,6232,8999,67,3345,0,0
2711,311,19385,45,6096,6,338
0,0,0,0,0,0,0
3088,698,16426,55,6765,428,33
2926,1012,18571,70,17520,664,1488
0,0,0,0,0,0,0
4220,1935,10514,88,4911,30,0
4096,563,10976,105,5947,409,2496
0,0,0,0,0,0,0
2654,1997,8702,45,2412,225,0
3860,270,10612,93,4198,31,0
4699,354,12699,522,5428,36,0
3512,2718,7069,42,1954,1052,0
5481,577,6204,41,2146,46,0
0,0,0,0,0,0,0
0,0,0,0,0,0,0
4044,3489,12832,17,3695,43,0
3593,648,9252,132,2070,4,0
3800,703,7585,254,4040,19,337
3766,757,9188,16,7284,1,289
6258,434,9047,39,4802,49,240
0,0,0,0,0,0,0
0,0,0,0,0,0,0
3711,1403,9056,47,5246,25,0
4400,335,8644,39,2858,118,0
3514,856,16165,53,6723,105,292
3973,796,11913,118,10792,68,577
3921,313,15205,60,5845,79,0
3117,8700,15366,51,4299,252,0
0,0,0,12,0,0,0
0,0,0,0,0,0,0
4278,383,13189,29,5579,71,0
4677,1960,14118,20,7798,1,490
0,0,0,0,0,0,0
0,0,144,6,96,0,0
3226,1754,10944,16,3197,68,48
0,0,600,0,0,0,0
5314,4145,10499,186,3096,276,624
0,0,0,0,0,0,0
4422,4137,10861,90,2319,306,48
3117,2851,9517,54,1801,1512,0
214,498,9069,39,5778,0,240
0,0,0,0,0,0,0
0,0,0,0,0,0,0
4418,615,4630,9,2188,149,0
4423,235,6927,30,1887,484,0
4469,490,13831,6,5485,464,484
4412,752,13505,149,5543,2,2064
3723,452,11528,34,2796,272,0
0,0,0,6,0,0,0
0,0,0,0,0,0,0
3425,1356,12055,1,5895,43,0
2437,956,10280,62,3614,56,0
3518,638,9397,35,4166,4,0
4274,544,17214,53,9955,294,307
4415,527,14344,177,7634,283,1
0,0,116,6,66,0,0
0,0,0,0,0,0,0
2928,1001,14932,35,6691,2,0
0,6,0,0,0,10,0
0,0,0,0,0,0,0
4360,1321,17386,26,8126,220,0
3302,561,10855,145,3692,146,0
3704,1134,13701,14,3173,1,1
3200,889,8933,21,5856,144,0
0,0,0,6,0,0,0
4151,1368,12089,66,3198,99,72
5043,2399,11832,36,3260,991,533
0,0,0,0,0,0,0
3032,510,8387,12,2213,351,0
0,0,0,0,0,0,0
0,0,0,0,0,0,0
3263,2258,16734,39,7882,38,0
2686,889,10264,42,1642,10,0
3032,356,21209,122,25077,107,0
2836,2805,16122,172,9355,930,980
2896,1644,14643,21,6855,74,233
0,0,115,24,66,0,0
0,0,0,0,0,0,0
3955,993,16179,38,7576,88,6
3520,2572,8465,41,14854,156,0
3131,3288,14409,126,9139,46,471
3172,1259,20868,24,6553,20,1640
3199,745,17605,13,13017,71,0
0,0,0,6,0,0,0
0,0,116,0,0,0,0
0,0,3552,0,2640,0,0
3683,1204,10761,140,5521,207,96
3177,511,12955,19,5541,215,0
2875,340,7428,150,3131,15,0
4093,2463,13330,156,2296,50,0
4184,1029,10739,39,3106,0,0
3227,832,10002,101,4760,174,0
0,35,0,18,0,0,0
3718,696,10051,37,4959,80,0
3753,1537,12561,47,23908,50,196
0,0,0,0,0,0,0
3675,1714,11571,43,2044,33,1
5199,24,10554,372,5172,15,1
3899,1378,9866,84,3568,44,0
3420,1731,12737,108,4565,134,4
3247,432,24016,29,1550,3,0
3532,640,10987,24,3596,129,16
3961,3900,9313,42,4790,26,1440
4134,226,17411,23,3873,66,0
0,0,144,6,0,0,0
0,0,0,0,0,0,0
3399,1254,12702,32,1318,15,0
3108,667,9358,50,6054,82,0
4264,1248,10850,30,7451,24,0
3833,2826,12636,57,4903,1149,618
6317,360,8199,71,4072,33,0
0,0,0,6,0,0,0
30,0,0,0,0,0,0
3563,359,11630,71,6267,80,36
3768,851,10354,111,5798,78,0
2593,874,11472,62,9477,16,240
2950,1381,6213,165,2149,263,384
3579,757,14821,43,2256,67,0
0,0,0,0,0,0,0
3114,466,6839,53,6662,14,0
3359,447,7322,34,2068,219,0
4238,1196,15907,79,7863,43,1584
0,0,0,0,0,0,0
4608,1103,12071,12,2650,227,299
3270,247,15270,37,9474,239,1008
3867,2110,8407,97,4259,0,0
3907,2551,15419,60,4315,47,192
0,0,0,0,0,0,0
3567,451,6576,54,2668,3,0
2999,2665,15329,52,8373,66,0
4103,1537,13495,338,4624,412,0
2936,344,13119,73,6353,128,0
0,0,0,6,70,0,0
0,0,0,0,0,0,0
2339,856,11059,35,4655,97,0
3493,341,10369,42,2321,52,0
2928,6112,12539,61,10140,0,216
3028,1274,12189,36,8784,863,1154
3802,356,17404,67,4201,107,384
0,0,0,0,0,0,0
0,0,115,0,0,0,0
2824,2752,22519,3,18048,68,0
2999,418,12413,51,2806,272,1
4618,808,15520,21,12360,104,200
4350,517,11849,57,43416,1017,84
0,4077,9827,54,3922,130,37
0,0,0,6,0,0,0
0,0,0,0,0,0,0
0,1517,13474,67,7279,24,0
0,0,0,0,0,0,0
3013,868,16769,19,4892,241,192
3921,1124,12141,40,3546,54,0
0,0,0,0,0,0,0
6340,836,8560,61,3382,12,48
3726,525,7809,60,11789,120,602
0,0,0,6,0,0,0
5586,662,7386,323,4515,29,0
2549,708,47893,125,21161,23,372
0,0,0,0,0,0,0
4613,323,15567,93,5010,1,0
3828,690,15258,45,2708,83,193
0,0,0,0,0,0,0
4047,3208,14109,63,3349,61,72
3598,563,10461,132,3869,204,0
3209,754,10120,32,3000,95,2
3326,2879,16248,127,22974,1081,1488
4593,1393,17827,48,4432,29,0
0,0,0,0,0,0,0
0,0,0,0,0,0,0
3715,2315,12233,44,4443,40,1
3736,414,8473,42,2363,134,0
5109,1006,15264,36,5446,390,576
4097,1627,13297,113,14737,368,864
4892,1234,13039,65,3279,40,0
0,0,0,0,0,0,0
0,0,0,0,0,0,0
3531,872,9218,59,6969,28,0
3041,560,13809,22,3347,4,1
3946,1749,20392,38,9631,1,2
4114,641,17701,71,12452,16,1404
2721,356,10024,38,1506,115,0
4347,2118,13204,12,4540,12,432
4596,370,9458,98,4723,15,836
0,0,0,0,0,342,0
4414,664,10609,124,6422,201,0
3901,754,4607,102,6751,0,0
0,0,0,0,0,0,0
4170,892,7950,69,5516,204,5
0,0,0,0,0,0,0
5065,50,3860,89,6690,2,1
3873,3980,15924,123,4322,60,0
0,0,0,0,0,0,0
2927,1018,8087,382,2207,18,0
2533,1675,14786,64,30958,74,1104
3410,1532,10631,129,3368,458,0
0,0,0,6,62,0,0
0,0,0,0,0,0,0
3540,443,10742,33,2393,210,0
3108,575,8073,18,5686,413,51
3325,606,22822,11,27475,112,246
2763,3695,15882,145,16154,1415,0
3054,15454,14141,18,10341,3,0
0,0,0,0,0,0,0
0,0,0,0,0,0,0
3089,2374,27559,12,12008,504,0
3309,540,11083,132,1422,12,0
2990,3777,23689,40,6437,82,313
4907,1082,9488,648,22038,78,1296
4888,756,17623,10,7088,73,192
0,0,0,0,0,0,0
4499,296,5905,35,2039,1,0
3608,393,15749,71,5694,17,0
4141,375,11129,24,3503,78,0
4114,949,8244,149,2388,80,0
3077,605,14108,13,15306,426,947
0,0,0,6,0,0,0
3366,976,15541,127,5482,121,12
3253,1675,7818,26,10955,313,432
0,0,0,0,0,0,0
2557,8077,6972,81,1963,282,0
4521,665,12558,136,6789,15,1248
0,0,0,0,0,0,0
4425,682,12110,58,7814,144,144
0,0,0,6,0,0,0
0,0,0,0,0,0,0
2911,585,9532,25,2677,82,1
2972,3132,6735,45,1802,14,0
2600,320,8036,39,3213,240,768
3516,2035,15884,50,14712,1103,127
2652,469,22107,13,14154,5,816
0,0,0,0,0,0,0
0,0,0,0,0,0,0
4134,342,10815,107,2470,432,0
4362,2876,14131,16,66821,33,0
4401,1306,18923,112,6058,240,0
3799,2621,15410,188,9994,165,816
2082,438,11439,89,5190,300,469
0,0,0,3,0,0,0
0,0,0,0,0,0,0
4179,2010,8362,18,5682,53,1248
4670,1312,8716,82,7766,55,0
3654,752,17928,103,7891,7,720
0,0,0,0,0,0,0
0,0,240,12,144,0,0
5059,270,8706,107,3255,148,0
4270,382,9988,66,5029,14,864
0,0,0,0,0,0,0
4804,304,8770,118,17244,64,1
2989,1133,9725,131,4267,246,240
3386,2417,23799,67,4924,60,1
4201,5642,12506,71,4570,287,40
0,0,120,0,0,0,0
3252,3134,12747,109,2196,85,0
2917,423,13204,24,3202,59,628
4989,565,6857,18,1784,0,0
2794,1193,13826,45,6304,299,192
2685,1763,25482,241,13495,986,1484
4470,994,12944,18,5846,211,724
0,0,0,0,0,0,0
0,0,0,0,0,0,0
4290,828,5580,14,2545,386,0
3477,236,9552,71,3064,289,0
4209,2025,18181,93,6100,0,193
0,0,96,6,96,0,0
0,0,0,0,0,0,0
0,0,0,0,0,0,0
0,0,0,0,0,0,0
4052,2204,12066,119,3780,308,1476
4074,116,11737,149,32941,213,144
5228,442,14115,23,5570,4,192
3738,2381,14081,32,10551,1224,0
2944,2011,11651,68,4590,0,0
0,0,0,0,0,0,0
0,0,0,0,0,0,0
4252,799,10946,9,5006,5,192
3095,438,18881,82,4712,213,0
2179,2365,17048,42,6754,76,0
2341,854,15069,26,3233,287,4
0,0,0,0,0,0,0
2950,755,16365,129,5723,2,0
4733,6146,9016,181,4519,363,2017
0,0,0,0,0,0,0
3068,742,19746,121,35526,1,0
2946,1307,16826,86,7000,443,240
3224,2350,16480,71,16828,1071,26
254,312,15163,82,9582,432,0
0,0,0,24,0,0,0
0,0,0,0,0,0,0
3638,1732,12059,345,4711,90,0
2596,686,6562,32,2261,4,0
3943,5704,17812,86,9260,250,482
2608,2304,13781,57,18954,249,1104
2770,180,2206,9,648,175,0
0,0,0,0,0,0,0
0,0,0,0,0,0,0
0,0,0,0,0,0,0
3,503,6449,176,2312,5,222
76,743,5508,175,1750,294,0
108,1576,16930,64,25610,5,436
0,264,3442,3,1044,120,0
0,0,0,0,0,0,0
0,0,0,0,0,0,0
0,0,0,0,0,0,0
3266,1175,17250,134,16906,483,0
2439,1453,17384,67,13744,148,0
0,24,149,0,0,0,0
3317,432,14824,65,4257,144,0
4151,964,19703,120,4848,242,49
0,0,0,0,0,0,0
2854,407,9898,39,4413,72,341
0,0,372,12,0,0,0
3046,2664,16207,0,7131,201,0
2598,1799,27567,11,15973,1,0
0,0,0,3,0,0,0
0,0,0,0,0,0,0
0,0,0,0,0,0,0
4586,2417,6258,88,4648,0,0
3571,181,3425,36,1384,1,0
4160,242,6496,55,1696,80,0
2669,3161,21709,9,23330,731,8
4348,387,11506,22,2478,0,4
0,0,0,0,0,0,0
0,0,0,0,0,0,0
3192,387,5960,204,5985,0,18
3679,536,6420,24,2499,187,0
3605,663,13232,88,3508,279,0
4175,3117,18247,117,21316,110,0
5099,2076,22047,138,9038,7,610
0,0,0,0,0,0,0
0,0,0,0,0,0,0
3926,3015,8724,32,3570,205,144
4035,493,13522,84,2184,555,0
3717,890,14462,93,7014,351,4224
3313,1060,12698,33,6331,80,0
3331,407,8944,73,3215,0,0
2758,524,6832,26,2205,46,1
3471,1839,12152,69,4990,90,0
4241,1793,13361,68,5950,96,0
0,0,0,0,0,0,0
3479,951,13339,91,4334,10,0
5217,1838,32990,28,17736,46,817
0,0,10,0,0,0,0
2960,429,8570,0,4321,168,12
3084,3471,8786,0,2484,0,192
0,0,48,0,48,0,0
4970,644,13723,67,32500,3,1850
4161,461,11320,16,4102,201,2
4649,783,13594,89,6173,29,0
4401,466,6098,85,3242,6,24
0,0,0,0,0,0,0
0,0,0,0,0,0,0
3465,1892,10085,26,5711,85,84
2662,2446,8244,219,3764,24,0
3452,1393,15477,36,3605,471,4
3126,1106,11703,99,9396,0,0
4247,349,11531,86,4331,876,0
0,0,0,0,0,0,0
0,10,114,0,0,0,0
3292,654,13036,52,6645,399,2880
2915,181,11495,57,5049,0,0
2549,842,17319,54,7343,153,240
3396,641,12674,41,3330,100,0
0,0,0,0,0,0,0
0,0,0,0,0,0,0
3814,584,10091,47,2978,112,1
2453,827,16692,81,19868,143,936
0,0,0,0,0,0,0
4229,1048,12871,16,3765,8,73
4032,442,10878,90,4062,176,242
0,0,96,0,0,0,0
4201,1077,16804,3,13290,166,0
0,0,96,18,96,0,0
3887,983,9232,0,3529,0,1
2799,2775,11143,176,2461,67,0
2911,467,14795,21,10909,392,196
3137,1452,10228,79,11888,148,532
2680,416,7202,255,3210,122,48
0,0,0,30,0,0,0
0,0,0,0,0,0,0
2713,2292,18266,38,5302,55,0
3294,989,8793,32,2488,189,0
3692,534,15221,71,5058,6,1104
4202,2269,18403,130,16577,1509,0
4186,518,5080,95,2898,34,48
0,0,48,0,48,0,0
0,0,48,0,48,0,0
2516,789,13882,129,6756,15,0
2820,947,9455,89,3226,235,0
3446,1812,15655,75,6632,166,432
4056,1271,16160,45,20482,49,1104
0,529,16556,83,7177,318,204
0,0,0,0,0,0,0
2775,6448,21249,116,21195,6,4
0,0,0,0,0,0,0
0,0,0,0,0,0,0
5192,3353,15287,48,4162,166,528
3830,222,16532,87,5525,1,0
3984,1847,9678,72,4115,19,0
0,0,0,12,0,0,0
0,7,83,6,48,0,0
3798,541,13768,108,6313,21,0
2217,2004,40785,3,31909,1472,0
0,0,0,0,0,0,0
3333,349,12381,2,6572,0,10
2246,1153,13645,12,6188,96,0
0,7,180,6,49,0,0
0,0,36,0,0,0,0
3281,576,19550,246,34544,5,216
4009,694,7816,23,7870,33,0
3604,646,15327,68,8824,201,242
4817,634,9065,64,21227,6,1
3693,817,6386,65,2492,8,240
0,0,0,0,0,0,0
0,0,240,0,96,0,0
3346,1000,12812,22,3755,238,0
2450,2921,13875,63,6591,1129,0
3723,1080,24264,31,6803,20,520
3968,4001,22009,109,20968,153,720
3721,384,11768,62,4891,50,192
0,0,0,0,0,0,0
0,0,0,0,0,0,0
3039,544,16286,109,7926,166,0
3984,470,10168,109,3416,177,0
5285,1696,12121,44,2865,1,756
2707,1422,12269,4,6330,452,1440
4397,2770,16905,21,17130,177,972
0,0,0,0,0,0,0
4445,1306,12587,275,4123,399,0
3485,2317,17884,12,7008,27,289
0,0,86,0,0,0,0
3514,934,7430,239,2722,354,1
3281,1293,16010,3,15618,162,0
1818,1369,9211,9,5544,0,0
4300,623,14440,3,5319,0,0
0,0,0,0,0,0,0
3441,849,13216,71,3192,82,12
3224,12897,30491,104,16363,334,3
3688,4099,20966,161,5200,73,196
2858,328,12688,27,22131,37,1584
4247,1940,7940,69,7049,0,192
0,0,0,0,0,0,0
0,0,0,0,0,0,0
3041,2494,10303,57,3579,421,72
3965,472,14399,136,2984,128,0
3852,851,12522,277,6180,233,533
2701,2143,17045,82,14903,1363,0
3723,818,12129,164,8092,72,193
0,0,0,6,0,0,0
0,0,0,0,0,0,0
0,0,281,0,0,0,0
3113,1098,14592,78,4728,180,0
3230,1830,18814,39,8160,7,0
3473,2013,20386,111,25195,70,2454
0,0,0,6,0,0,0
4139,214,7506,24,1198,115,0
3946,707,6624,70,3339,64,0
6460,392,9705,62,2840,236,0
0,0,0,0,0,0,0
3372,1040,18988,46,5109,80,501
3503,351,14435,49,6728,13,0
3722,676,10210,26,3943,130,0
3863,3877,21245,3,26006,92,1086
0,0,0,0,0,0,0
2817,1399,10230,19,3386,0,0
3356,3802,12063,106,8006,0,289
3778,1162,15952,93,7351,37,29
3310,1800,12573,60,10068,2,1057
2469,2907,6155,103,2336,68,120
0,0,0,8,0,0,0
0,0,0,0,0,0,0
3130,2007,12554,60,3830,11,1
4228,219,8058,69,4092,21,0
2933,1317,12889,76,3921,218,300
4013,2384,19154,91,24986,321,4
4145,696,12022,36,3974,213,0
0,0,96,0,96,0,0
0,0,600,0,240,0,0
3045,1037,9208,144,6723,47,0
2637,319,27222,12,7863,52,0
3922,705,27104,54,11994,138,276
3122,903,32395,51,27853,1724,1104
3450,672,15724,99,7285,7,1
0,104,2232,6,2025,0,0
0,4,0,0,0,0,0
3939,1271,6540,31,2710,159,0
3815,1154,14229,179,4491,61,241
0,0,192,0,192,0,0
3580,940,13711,29,5433,1,0
3629,3669,13883,52,10542,1536,0
0,0,0,0,0,0,0
4421,577,7149,29,1761,66,0
3396,502,14475,15,4926,26,48
0,0,96,0,48,0,0
2594,669,12988,0,5381,0,8
4734,887,12713,12,3422,0,0
2476,399,9339,80,6085,21,2
0,0,0,0,48,0,0
0,0,0,0,0,0,0
3887,8256,17771,26,4197,13,0
3965,336,9486,24,5826,168,14
2505,1199,11730,87,4514,300,1
4450,669,9270,122,60391,92,1224
4453,580,9288,54,3106,284,384
0,0,48,54,48,0,0
0,0,0,0,48,0,0
3775,669,7088,118,1460,8,0
3132,3372,11525,88,4626,39,0
2936,1105,12317,35,5183,413,276
3066,4698,16328,71,19105,164,0
1917,336,12959,88,5021,13,0
0,0,0,18,0,0,0
0,24,96,0,48,0,0
53,1189,12827,21,5100,31,0
0,729,12832,59,5155,43,0
4034,1380,10103,91,5413,350,84
4234,7884,12326,44,2856,397,0
1753,435,19447,157,14425,57,768
0,0,0,0,0,0,0
2992,516,12485,81,2683,257,0
4007,301,7628,80,3878,27,1
0,0,288,0,240,0,0
4034,1099,7907,128,3024,125,193
0,0,0,0,0,0,0
2535,1012,9489,0,2299,0,0
2667,1882,13809,3,21544,0,409
0,0,0,118,0,0,0
3366,439,6602,17,4444,440,0
3330,438,7148,48,1872,107,0
2974,508,12975,45,3937,90,5
3682,974,16997,76,16560,124,690
3132,287,6398,45,3432,58,0
0,0,48,18,48,0,0
0,0,164,0,48,0,0
3184,690,6115,13,2155,48,1
2514,862,18942,17,12937,0,0
3458,558,15226,139,5554,485,435
3196,3895,21780,146,14348,134,948
3486,823,9575,78,4130,1,36
0,0,0,6,0,0,0
0,0,48,0,48,0,0
3548,1028,12160,33,1500,48,30
2362,1082,13140,83,4799,0,132
2359,1031,22316,118,11578,799,194
3536,1234,19009,42,23778,14,192
3403,2958,19550,86,10664,39,192
2507,880,7169,9,693,16,0
4231,15419,8260,26,1496,53,0
4507,945,12980,30,3656,144,204
3280,5739,8765,66,2732,423,0
3624,699,10639,89,6155,164,217
0,48,0,10,0,0,0
3449,602,17794,74,7590,12,0
2296,1291,13904,118,20802,1515,96
0,0,0,0,0,1,0
1902,782,10603,77,8424,30,1
3015,324,11522,0,5897,0,1
0,0,0,0,0,0,0
3412,3343,18133,113,27729,5,0
3531,1697,23423,189,7571,270,12
0,0,0,18,0,0,0
0,0,0,0,0,0,0
4939,2869,9645,26,2792,449,0
3312,609,10865,25,3467,57,0
3768,1060,11614,51,5841,342,290
4829,4787,13049,106,17108,312,1344
3540,1010,11125,105,3192,519,48
0,0,152,0,0,0,0
0,0,0,0,0,0,0
2697,881,6435,71,7279,38,0
3644,1318,5624,26,36877,106,36
6115,956,16863,0,8707,234,540
2771,1442,24365,0,17850,35,576
2816,1174,20431,0,23860,14,1
0,0,0,0,0,0,0
0,0,0,0,0,0,0
4002,604,8650,47,3760,84,384
0,24,96,9,96,0,0
0,0,0,6,0,0,0
3671,605,11721,93,4998,155,0
4100,1457,13342,123,13671,17,0
0,0,48,0,0,0,0
4341,549,6911,180,7567,287,1
3047,414,14911,185,3330,80,0
2919,2876,10961,39,22426,265,0
3413,374,15067,45,4716,12,252
0,0,0,0,0,0,0
2154,2559,8141,0,3499,0,38
0,12,0,0,0,0,0
0,0,192,0,0,0,0
3068,1174,12195,15,3802,2,0
3847,527,6740,105,4638,1443,0
4198,935,11918,235,4111,10,241
3791,1776,16348,207,11911,154,913
3035,543,10968,0,3984,45,1
0,0,0,0,0,0,0
0,0,96,0,0,0,0
2474,1384,19627,3,11335,14,24
4041,2562,7066,161,2391,1,0
2558,1662,15651,42,4801,34,0
3770,6401,11721,84,12679,16,0
1952,450,18333,0,7791,0,12
0,0,0,0,0,0,0
0,0,0,0,0,0,0
1784,552,11340,3,7256,0,0
2680,1189,28090,38,29666,0,0
3370,513,12684,30,5638,0,865
3878,1265,57279,33,32506,30,4
0,8,0,0,0,0,0
0,20,240,0,240,0,0
4452,559,12393,30,10523,61,0
2736,894,18543,93,12715,262,6
4149,2069,8843,37,3021,255,0
3404,2878,16549,85,3839,451,194
0,0,144,0,0,0,0
4454,504,8973,78,5235,1469,1
2602,1612,22330,8,31639,48,2064
0,0,48,0,0,0,0
3557,331,5292,4,2086,0,0
2804,563,9159,32,2972,0,0
2231,926,13434,3,6056,0,393
2275,856,19523,0,19311,0,0
2431,822,12093,0,3661,0,240
0,0,0,0,0,0,0
0,30,48,0,48,0,0
3005,919,19727,0,7315,0,0
4147,514,7326,0,2547,0,0
3395,1088,26274,0,8778,0,58
0,0,564,0,192,0,0
0,0,0,0,0,0,0
0,0,0,0,0,0,0
0,0,0,0,0,0,0
3266,2920,10159,0,6593,0,1104
2495,2872,17389,6,23997,0,0
2961,1503,13821,20,6692,73,0
4542,435,15520,3,48324,8,336
3351,840,12129,0,8643,0,0
5492,521,8714,87,4332,366,2
3329,28975,14853,73,6863,14,816
3080,1390,12334,40,9813,48,0
3253,1810,20060,100,44592,114,720
0,0,0,23,0,0,0
2885,424,12824,113,3587,116,96
4086,1819,18232,106,14552,289,1
0,0,0,0,0,0,0
3134,290,16805,344,4539,230,20
3732,631,11290,11,4438,521,0
2932,860,7326,33,8486,0,0
3414,1652,19605,3,5143,0,240
3075,936,23154,40,11941,1,864
3589,1073,11874,0,4024,0,192
0,0,0,13,0,0,0
0,0,0,0,0,0,0
2702,848,6792,0,3304,0,0
2826,1168,7407,127,3966,0,0
4071,885,14773,6,5325,0,0
2734,2864,15145,99,16491,0,72
2942,451,6192,0,2239,0,0
0,120,480,0,384,48,0
0,24,96,0,96,0,0
68,0,144,0,0,684,0
0,0,0,0,0,25,0
1200,10233,17067,4,7292,1,0
1789,781,6889,0,13004,0,0
2861,1827,18063,77,8818,0,49
0,0,0,6,0,0,0
0,0,0,0,0,0,0
0,484,12976,293,2860,0,0
0,0,0,0,0,0,0
2895,324,6340,39,2839,0,0
2500,512,15045,0,3786,0,0
1702,798,12490,0,4878,416,1
4297,2630,13900,261,8364,187,216
0,0,0,0,0,0,0
3343,1573,12206,102,8828,254,1
1932,1867,20322,0,7586,28,144
0,0,0,0,0,0,0
3794,602,10109,17,2562,1,0
2552,1056,15258,55,15608,95,0
0,0,0,0,96,0,0
3065,945,9999,0,3854,0,1
3377,772,5850,0,813,0,0
3817,1458,15540,0,4846,0,192
5076,923,13691,0,14282,0,1200
4987,487,11265,18,3149,0,0
0,0,0,0,0,0,0
0,0,78,0,0,0,0
2123,1006,13912,10,2696,0,0
3101,437,7642,0,13879,0,0
2966,485,13306,0,3456,0,297
3603,3086,19639,3,23249,0,0
3927,835,12978,30,8207,0,0
0,0,0,0,0,0,0
0,0,0,0,0,162,0
2826,369,10294,43,7582,210,0
1693,349,19880,0,3998,24,0
2663,789,17009,31,5816,0,384
1954,1363,9380,12,14535,0,613
3356,634,9933,202,6914,0,0
0,0,0,0,0,144,0
0,0,0,0,0,1484,0
1909,985,8684,105,5697,1,1
4153,1984,12812,429,13472,589,864
0,0,48,0,48,0,0
2932,710,8771,34,3035,110,0
4797,625,7958,24,3942,133,96
0,0,1514,0,1968,67,0
3302,689,21720,52,32400,99,156
0,24,0,0,54,0,0
1918,932,18415,6,10464,0,337
3370,531,10805,6,13906,2,0
2865,703,11005,12,5506,0,0
0,0,0,0,0,0,0
0,0,0,0,48,1605,0
3066,733,20063,0,8393,0,0
3007,188,5342,0,1875,0,0
4035,613,10598,0,3720,0,4
3190,7257,18598,3,14772,0,720
3574,736,9176,0,8588,0,265
0,0,96,29,0,1,0
0,0,0,0,0,0,0
3098,2505,9851,0,2044,0,1
3820,581,9181,0,2494,0,0
2107,1116,12361,0,5448,308,384
3636,2088,28836,3,24900,0,724
3572,549,11858,55,10349,0,0
0,0,0,36,0,0,0
0,0,0,0,0,0,0
3354,759,17189,6,11617,1815,164
2555,400,9347,162,4711,0,0
2106,1081,20127,41,8632,41,0
2749,1356,13171,18,4514,135,10
0,0,0,0,0,0,0
3921,1221,20195,4,7806,1,5355
2265,1634,11641,57,6256,97,624
0,36,108,0,0,0,0
3470,285,15346,0,6841,60,193
3148,832,19736,0,18651,0,768
3927,998,13220,0,5702,0,2
0,0,0,0,0,0,0
0,20,0,0,0,0,0
3150,2119,22313,0,5643,0,2
3820,508,12176,15,3995,0,0
4248,978,10459,0,6099,123,3
3164,549,10391,0,7262,10,1
4023,676,8965,0,12253,0,0
0,0,48,0,48,0,0
0,0,384,90,48,232,0
4137,2020,6775,0,2457,25,0
3008,519,8013,0,3571,65,0
2799,348,21153,137,43417,422,193
3327,2290,20746,0,7987,1159,720
1454,520,10070,1,4575,290,48
0,0,364,0,0,7,0
0,0,480,0,0,0,0
4272,336,16904,6,9115,0,0
3539,1068,9963,3,4185,527,0
4307,2516,6271,85,9958,0,0
2156,1191,16425,193,17955,106,1152
0,180,240,0,192,109,0
2548,965,12534,158,7589,209,146
0,10,480,66,600,0,0
0,0,2880,0,2880,0,0
3035,1286,15287,19,8654,503,0
2902,5486,9176,98,3427,603,120
0,0,0,156,0,0,0
0,0,0,0,0,0,0
2373,879,23128,10,12622,0,0
3058,572,9056,6,1904,59,2
2518,799,20867,19,8901,1312,192
3100,1183,11971,229,11125,1025,960
0,692,19044,261,7204,0,194
0,148,288,0,0,0,0
0,0,0,0,0,0,0
3146,1221,9911,60,9820,0,0
959,536,9055,0,2707,114,0
2357,635,12685,12,7524,403,240
2038,1871,6825,21,6635,33,60
3749,1189,7004,6,3543,151,192
0,0,0,48,0,0,0
0,0,0,0,0,0,0
2159,1951,12227,3,6040,82,2
3636,663,7645,3,3084,43,0
0,0,0,18,0,0,0
2262,600,7849,6,1417,0,0
2387,200,8408,0,2199,0,0
2939,1469,10814,3,2422,145,0
0,25,144,0,96,240,0
1887,6453,12660,119,5462,554,5
4222,657,10163,316,21203,18,0
3153,3144,13793,57,13358,111,0
5071,1828,20783,42,21558,716,0
0,0,96,0,0,0,0
4320,3542,7998,27,3780,1048,2
3005,352,12944,70,3348,196,0
3168,595,11829,607,3529,669,28
4454,1874,10641,1547,8387,121,144
3358,542,6646,242,2432,96,4
0,24,36,135,0,0,0
0,0,0,0,0,12,0
5812,1393,9930,565,3496,295,2
2930,607,14215,56,5837,356,2
3914,1187,14680,120,5084,570,17
4184,2051,17397,76,16846,430,0
1707,2474,16958,41,4079,207,193
0,0,0,0,0,0,0
0,36,192,0,192,0,0
0,24,468,0,204,114,0
3804,776,10884,21,6054,116,864
3021,541,10996,20,7535,22,2
2437,2640,23438,18,21473,340,8
1950,463,10627,21,7896,55,14
0,0,48,0,0,0,0
3420,1023,11809,15,3208,0,192
3318,1333,12544,11,5705,32,253
0,0,0,30,0,0,0
5176,1332,8816,6,3350,130,1
4166,2431,19891,30,17535,212,1
0,0,0,112,0,0,0
3290,627,3910,0,4124,32,88
3263,269,14974,86,3081,234,0
0,0,0,0,0,0,0
3691,969,10159,6,7181,167,48
3616,1433,14075,162,9206,297,0
0,0,0,6,0,0,0
0,0,48,0,36,0,0
2908,1696,14648,54,7623,26,144
3540,862,4686,144,1993,68,0
2745,1762,14019,157,7336,266,410
2918,1628,14883,114,25338,148,684
2028,301,7116,306,4535,44,98
0,0,48,0,0,0,0
0,0,0,0,0,0,0
3399,1526,13255,38,7046,239,1
3748,694,10070,74,5980,108,13
3101,1206,18354,109,6055,472,2
2933,597,17533,60,13592,440,385
4427,2976,10480,48,6612,69,576
0,0,0,102,0,0,0
0,84,0,0,96,3,0
2598,3243,25365,258,12858,0,0
4440,548,10777,0,19610,0,816
3162,2023,12881,0,13071,0,75
0,0,0,0,0,0,0
3678,509,6709,6,5472,135,0
3088,686,8911,255,4008,338,1
0,24,48,0,48,0,0
2597,1316,11493,272,9395,906,5
0,0,0,0,0,0,0
3740,1936,11429,202,5828,0,0
0,0,0,0,0,0,0
0,0,0,0,0,0,0
4169,1481,13031,48,7131,23,6
3373,497,7677,21,4880,10,0
3469,1520,24740,6,13777,273,586
2294,1173,8675,153,7407,515,0
3074,936,14036,414,6277,12,121
0,0,0,64,0,0,0
0,0,144,0,48,0,0
2314,608,13560,182,13133,153,1
3142,1114,9028,42,1851,94,1
2252,1051,12378,90,9155,278,8
2933,545,17252,152,4770,31,85
2033,1023,10479,40,3912,456,240
0,0,0,4,48,0,0
0,48,0,0,112,0,0
81,5814,18387,111,18010,5,2880
37,882,7100,30,2259,0,144
0,1429,20925,6,9752,114,289
3317,365,5820,15,2793,0,0
4022,1389,15163,3,3049,1,0
2886,800,14677,0,5805,0,2
3057,6202,14736,0,16184,58,1
2827,1045,14500,18,5653,2824,304
0,0,96,0,0,0,0
4219,3896,13668,46,10577,506,98
3313,1002,18212,121,9383,279,0
0,0,0,0,0,0,0
2564,521,9690,27,8025,0,0
2973,912,5611,128,1644,40,240
2724,968,18968,205,11485,544,107
2741,3947,11786,92,7617,251,19
4465,332,8798,197,2638,43,1
0,0,0,0,0,0,0
0,0,0,0,0,0,0
3209,1716,25070,153,11667,109,72
2555,553,10247,27,2287,273,1
3394,1177,14144,41,8199,422,159
3796,3378,9529,102,4261,31,96
2865,722,9880,31,7599,88,2
0,0,0,0,0,0,0
0,0,240,0,0,0,0
3884,1393,18414,21,15624,1,0
4025,866,13586,55,14542,102,48
4173,2840,19219,60,8320,172,34
2550,2652,23513,102,17048,482,0
3929,1547,23821,133,11775,8,480
0,240,444,27,336,0,0
3897,1269,13085,2,5692,0,0
0,0,0,0,0,0,0
0,0,0,8,0,0,0
5212,753,7212,12,2472,0,24
4918,914,17669,15,5082,4779,0
0,0,0,0,0,4,0
4425,440,5261,3,1907,0,84
3324,1270,10007,115,3523,0,0
3212,453,13170,89,12650,12,0
4671,1804,18939,169,11049,23,361
1894,1389,9123,36,3141,116,0
0,0,0,10,0,0,0
0,0,0,0,0,0,0
3948,1161,23795,43,11974,152,0
3655,368,9867,16,3342,136,0
3359,961,16302,47,9723,104,0
3890,1619,18333,8,8937,6,1389
4047,807,8873,26,4359,120,16
0,0,96,0,48,0,0
0,0,210,0,100,0,0
2254,3237,12849,23,29693,295,34
4111,1938,9720,285,2706,12,22
3534,970,9481,27,9690,95,625
2703,2085,22787,125,17383,111,0
2333,722,11674,33,8248,28,145
0,0,0,0,0,0,0
0,20,48,0,0,0,0
3602,1026,13357,15,14296,458,98
3790,276,6455,13,4685,0,624
0,20,20,0,0,122,0
0,0,0,0,0,0,0
3158,998,12716,137,8963,320,256
3834,424,12713,83,4147,2019,0
3720,1352,8772,3,6999,235,1
3582,854,12721,0,5415,165,8
0,0,0,0,0,0,0
2771,820,12232,78,3964,9,0
3434,536,9411,59,7956,229,192
0,0,0,0,0,0,0
4347,1531,15807,54,4559,208,0
2998,927,6611,19,2402,95,1043
3395,608,16905,47,9299,389,0
3595,345,16767,81,16558,30,0
2851,1183,10350,98,5306,14,8
0,0,192,0,192,0,0
0,0,0,0,0,0,0
4683,931,15228,15,4880,140,0
3570,1087,6098,83,3393,2,0
2819,1483,23226,4,8887,689,0
2946,9256,13704,39,10639,22,0
3612,372,12240,178,4162,200,0
0,0,96,6,0,0,0
0,0,0,0,0,0,0
3385,1990,11838,48,8775,157,0
3926,468,13922,28,5755,313,0
2242,692,24933,134,22660,16,0
2501,917,13886,12,8966,138,1306
3717,387,10028,9,2966,0,0
2766,661,8271,3,5125,0,0
3799,1549,12984,0,9962,0,1
3242,1592,11157,186,3608,678,300
0,0,96,0,0,0,0
3326,1435,9857,0,5221,370,0
2471,826,17069,12,7720,322,1
0,0,0,0,0,0,0
2435,772,14128,11,18599,8,0
3318,602,11788,120,25508,129,2
0,0,0,0,0,0,0
2504,499,18530,2,18628,0,1
5213,640,10588,0,6619,160,3
3737,994,12895,227,1254,0,0
0,0,144,0,192,35,0
3169,777,14633,6,7795,14,61
3932,381,6494,3,2402,56,152
2570,641,9898,18,8726,11,432
2754,519,5712,68,2977,108,0
0,12,0,6,0,0,0
